Workbook

Sheet Summary
A1: UAE cafeterias, restaurants & chain branches
A3: Independent & regional venues (Directory tab) | B3: =COUNTA(Directory!B2:B410) -> 409
A4: Chain branches logged (Chain Branches tab) | B4: =COUNTA('Chain Branches'!B2:B150) -> 149
A5: Distinct chain brands | B5: 41
A6: TOTAL ENTRIES | B6: =B3+B4 -> 558
A8: Directory tab - by emirate
A9: Emirate | B9: Cafeterias | C9: Local restaurants | D9: Chains / multi-branch | E9: Total
A10: Dubai | B10: =COUNTIFS(Directory!$E$2:$E$410,$A10,Directory!$C$2:$C$410,"Cafeteria") -> 39 | C10: =COUNTIFS(Directory!$E$2:$E$410,$A10,Directory!$C$2:$C$410,"Local restaurant") -> 111 | D10: =COUNTIFS(Directory!$E$2:$E$410,$A10,Directory!$C$2:$C$410,"Chain / multi-branch") -> 99 | E10: =SUM(B10:D10) -> 249
A11: Abu Dhabi | B11: =COUNTIFS(Directory!$E$2:$E$410,$A11,Directory!$C$2:$C$410,"Cafeteria") -> 5 | C11: =COUNTIFS(Directory!$E$2:$E$410,$A11,Directory!$C$2:$C$410,"Local restaurant") -> 21 | D11: =COUNTIFS(Directory!$E$2:$E$410,$A11,Directory!$C$2:$C$410,"Chain / multi-branch") -> 54 | E11: =SUM(B11:D11) -> 80
A12: Sharjah | B12: =COUNTIFS(Directory!$E$2:$E$410,$A12,Directory!$C$2:$C$410,"Cafeteria") -> 13 | C12: =COUNTIFS(Directory!$E$2:$E$410,$A12,Directory!$C$2:$C$410,"Local restaurant") -> 12 | D12: =COUNTIFS(Directory!$E$2:$E$410,$A12,Directory!$C$2:$C$410,"Chain / multi-branch") -> 15 | E12: =SUM(B12:D12) -> 40
A13: Ajman | B13: =COUNTIFS(Directory!$E$2:$E$410,$A13,Directory!$C$2:$C$410,"Cafeteria") -> 6 | C13: =COUNTIFS(Directory!$E$2:$E$410,$A13,Directory!$C$2:$C$410,"Local restaurant") -> 5 | D13: =COUNTIFS(Directory!$E$2:$E$410,$A13,Directory!$C$2:$C$410,"Chain / multi-branch") -> 5 | E13: =SUM(B13:D13) -> 16
A14: Ras Al Khaimah | B14: =COUNTIFS(Directory!$E$2:$E$410,$A14,Directory!$C$2:$C$410,"Cafeteria") -> 0 | C14: =COUNTIFS(Directory!$E$2:$E$410,$A14,Directory!$C$2:$C$410,"Local restaurant") -> 6 | D14: =COUNTIFS(Directory!$E$2:$E$410,$A14,Directory!$C$2:$C$410,"Chain / multi-branch") -> 2 | E14: =SUM(B14:D14) -> 8
A15: Fujairah | B15: =COUNTIFS(Directory!$E$2:$E$410,$A15,Directory!$C$2:$C$410,"Cafeteria") -> 0 | C15: =COUNTIFS(Directory!$E$2:$E$410,$A15,Directory!$C$2:$C$410,"Local restaurant") -> 4 | D15: =COUNTIFS(Directory!$E$2:$E$410,$A15,Directory!$C$2:$C$410,"Chain / multi-branch") -> 4 | E15: =SUM(B15:D15) -> 8
A16: Umm Al Quwain | B16: =COUNTIFS(Directory!$E$2:$E$410,$A16,Directory!$C$2:$C$410,"Cafeteria") -> 0 | C16: =COUNTIFS(Directory!$E$2:$E$410,$A16,Directory!$C$2:$C$410,"Local restaurant") -> 5 | D16: =COUNTIFS(Directory!$E$2:$E$410,$A16,Directory!$C$2:$C$410,"Chain / multi-branch") -> 3 | E16: =SUM(B16:D16) -> 8
A17: TOTAL | B17: =SUM(B10:B16) -> 63 | C17: =SUM(C10:C16) -> 164 | D17: =SUM(D10:D16) -> 182 | E17: =SUM(E10:E16) -> 409
A19: Chain Branches tab - branches by emirate
A20: Emirate | B20: Branches
A21: Dubai | B21: =COUNTIF('Chain Branches'!$D$2:$D$150,$A21) -> 128
A22: Abu Dhabi | B22: =COUNTIF('Chain Branches'!$D$2:$D$150,$A22) -> 10
A23: Sharjah | B23: =COUNTIF('Chain Branches'!$D$2:$D$150,$A23) -> 9
A24: Ajman | B24: =COUNTIF('Chain Branches'!$D$2:$D$150,$A24) -> 2
A25: Ras Al Khaimah | B25: =COUNTIF('Chain Branches'!$D$2:$D$150,$A25) -> 0
A26: Fujairah | B26: =COUNTIF('Chain Branches'!$D$2:$D$150,$A26) -> 0
A27: Umm Al Quwain | B27: =COUNTIF('Chain Branches'!$D$2:$D$150,$A27) -> 0
A28: TOTAL | B28: =SUM(B21:B27) -> 149
A30: Open 24 hours (both tabs) | B30: =COUNTIF(Directory!$J$2:$J$410,"Yes")+COUNTIF('Chain Branches'!$J$2:$J$150,"Yes") -> 170
A31: Distinct areas / districts (Directory) | B31: 216
A33: Notes
A34: Directory tab holds independent cafeterias, local restaurants and homegrown multi-branch brands found by searching area by area.
A35: Chain Branches tab holds named QSR and casual-dining chains searched by brand: McDonald's, KFC, Pizza Hut, Burger King, Hardee's, AlBaik,
A36: Subway, Domino's, Papa John's, Texas Chicken, Popeyes, Jollibee, Chowking, Shake Shack, Five Guys, Nando's, Wendy's, Tim Hortons,
A37: Costa, Starbucks, Krispy Kreme, Baskin Robbins, Chili's, Cheesecake Factory, Eggspectation, Al Safadi, Automatic, Ravi, Bikanervala,
A38: Saravanaa Bhavan, Calicut Paragon, Gazebo, Karachi Darbar, Al Farooj Fresh, Operation: Falafel, Man'oushe Street, Allo Beirut, Bait Al Mandi.
A39: Each chain shows a sample of branches, not every outlet - brands such as McDonald's, KFC and Starbucks run well over a hundred UAE sites each.
A40: Ratings and review counts are a snapshot taken on 21 September 2026 and will drift over time.
A41: Place details (names, addresses, phone numbers, ratings, opening hours) sourced from Google Places data.

Sheet Directory
A1: # | B1: Name | C1: Type | D1: Area / District | E1: Emirate | F1: Phone | G1: Google rating | H1: Reviews | I1: Price tier | J1: Open 24 hrs
A2: 1 | B2: Birds Dubai | C2: Local restaurant | D2: Address Downtown | E2: Dubai | F2: +971 50 275 4844 | G2: 4.7 | H2: 561 | I2: $$$$ | J2: No
A3: 2 | B3: GAL Dubai | C3: Local restaurant | D3: Address Downtown | E3: Dubai | F3: +971 4 589 7883 | G3: 4.5 | H3: 4187 | I3: $$$$ | J3: No
A4: 3 | B4: Urla Restaurant & Lounge | C4: Local restaurant | D4: Address Downtown | E4: Dubai | F4: +971 52 554 5997 | G4: 4.6 | H4: 3482 | I4: $$$$ | J4: No
A5: 4 | B5: Al Khayal Cafeteria | C5: Cafeteria | D5: Al Bada'a, Satwa | E5: Dubai | F5: +971 50 695 9167 | G5: 3.7 | H5: 3 | I5: $ | J5: Yes
A6: 5 | B6: Al Mashawi Al Halabya | C6: Chain / multi-branch | D6: Al Barsha 1 | E6: Dubai | F6: +971 600 586666 | G6: 4.8 | H6: 33209 | I6: $$ | J6: No
A7: 6 | B7: Culinary Park Restaurant | C7: Local restaurant | D7: Al Barsha 1 | E7: Dubai | F7: +971 4 220 0077 | G7: 4.9 | H7: 390 | I7: $ | J7: Yes
A8: 7 | B8: Maharaja Bhog Al Barsha | C8: Chain / multi-branch | D8: Al Barsha 1 | E8: Dubai | F8: +971 50 698 4118 | G8: 4.8 | H8: 504 | I8: $$ | J8: No
A9: 8 | B9: Spice Avenue Restaurant | C9: Local restaurant | D9: Al Barsha 1 | E9: Dubai | F9: +971 4 201 6980 | G9: 4.8 | H9: 330 | I9: $ | J9: No
A10: 9 | B10: Sultan Al Arab Restaurant Al Barsha | C10: Chain / multi-branch | D10: Al Barsha 1 | E10: Dubai | F10: +971 52 471 0164 | G10: 4.3 | H10: 3709 | I10: $ | J10: No
A11: 10 | B11: The Mother Restaurant Al Barsha | C11: Local restaurant | D11: Al Barsha 1 | E11: Dubai | F11: +971 4 361 9955 | G11: 4.9 | H11: 801 | I11: $ | J11: No
A12: 11 | B12: Lido Restaurant Al Barsha | C12: Local restaurant | D12: Al Barsha 2 | E12: Dubai | F12: +971 4 852 3545 | G12: 4.4 | H12: 420 | I12: $$ | J12: Yes
A13: 12 | B13: tashas Al Barsha | C13: Chain / multi-branch | D13: Al Barsha 2 | E13: Dubai | F13: +971 4 589 3322 | G13: 4.8 | H13: 2259 | I13: $$ | J13: No
... A410: 409 | B410: The Copper Table Bistro UAQ | C410: Chain / multi-branch | D410: Mall of UAQ, Green Belt | E410: Umm Al Quwain | F410: +971 6 531 3811 | G410: 4.9 | H410: 1327 | I410: $$ | J410: No

Sheet Chain Branches
A1: # | B1: Brand | C1: Branch / Area | D1: Emirate | E1: Category | F1: Phone | G1: Google rating | H1: Reviews | I1: Price tier | J1: Open 24 hrs
A2: 1 | B2: Al Farooj Fresh | C2: Al Asayel St, Al Barsha 2 | D2: Dubai | E2: Shawarma / grill | F2: +971 600 522255 | G2: 4.6 | H2: 247 | I2: $ | J2: No
A3: 2 | B3: Al Farooj Fresh | C3: Etihad Mall, Muhaisnah | D3: Dubai | E3: Shawarma / grill | F3: +971 600 522255 | G3: 4 | H3: 44 | I3: $ | J3: No
A4: 3 | B4: Al Farooj Fresh | C4: Al Muwaij'i, Al Ain | D4: Abu Dhabi | E4: Shawarma / grill | F4: +971 600 522255 | G4: 3.7 | H4: 292 | I4: $ | J4: No
A5: 4 | B5: Al Farooj Fresh | C5: King Faisal St, Al Majaz | D5: Sharjah | E5: Shawarma / grill | F5: +971 600 522255 | G5: 3.6 | H5: 595 | I5: $ | J5: No
A6: 5 | B6: Al Ijaza Cafeteria | C6: Beach Road, Jumeirah | D6: Dubai | E6: Cafeteria | F6: +971 4 344 4874 | G6: 4.3 | H6: 6225 | I6: $ | J6: No
A7: 6 | B7: Al Mallah | C7: Al Dhiyafa Road, Al Satwa | D7: Dubai | E7: Lebanese cafeteria | F7: +971 52 998 7193 | G7: 4 | H7: 5099 | I7: $ | J7: Yes
A8: 7 | B8: Al Safadi | C8: Al Rigga, Deira | D8: Dubai | E8: Lebanese | F8: +971 600 500601 | G8: 4.6 | H8: 11041 | I8: $$ | J8: No
A9: 8 | B9: Al Safadi | C9: DIFC, Sheikh Zayed Road | D9: Dubai | E9: Lebanese | F9: +971 600 500601 | G9: 4.6 | H9: 18970 | I9: $$ | J9: No
A10: 9 | B10: Al Safadi | C10: Ribbon Mall, Motor City | D10: Dubai | E10: Lebanese | F10: +971 600 500601 | G10: 4.8 | H10: 6817 | I10: $$ | J10: No
A11: 10 | B11: Al Safadi | C11: Umm Al Sheif | D11: Dubai | E11: Lebanese | F11: +971 600 500601 | G11: 4.8 | H11: 20505 | I11: $$ | J11: No
A12: 11 | B12: AlBaik | C12: ADNOC, Dubai Hills | D12: Dubai | E12: Fried chicken / QSR | F12: +971 56 991 5635 | G12: 4.1 | H12: 2455 | I12: $ | J12: No
A13: 12 | B13: AlBaik | C13: Al Ghurair, Al Rigga, Deira | D13: Dubai | E13: Fried chicken / QSR | F13: +971 50 289 2540 | G13: 4.2 | H13: 1446 | I13: $ | J13: No
... A150: 149 | B150: Wendy's | C150: Al Yarmook | D150: Sharjah | E150: Burgers / QSR | F150: +971 54 994 6874 | G150: 4.5 | H150: 738 | I150: $ | J150: Yes
